{"cameraMode":{"drawMode":0,"name":"Shaded","section":"Shading Mode"},"sceneLighting":true,"audioPlay":false,"sceneViewState":{"m_AlwaysRefresh":false,"showFog":true,"showSkybox":true,"showFlares":true,"showImageEffects":true,"showParticleSystems":true,"showVisualEffectGraphs":true,"m_FxEnabled":true},"in2DMode":false,"pivot":{"x":-548.2471313476563,"y":24.759660720825197,"z":-581.8972778320313},"rotation":{"x":-0.004935437347739935,"y":-0.9583643078804016,"z":0.28732192516326907,"w":-0.013261890038847924},"size":53.3797607421875,"orthographic":false}